step,train_loss,validation_loss
0,4.190165996551514,4.088512897491455
1,3.976433277130127,
2,3.837136745452881,
3,3.7114717960357666,
4,3.59674334526062,
5,3.4887871742248535,
6,3.377262830734253,
7,3.2684109210968018,
8,3.162673234939575,
9,3.057046890258789,
10,2.952104091644287,
11,2.8475089073181152,
12,2.7433581352233887,
13,2.6429972648620605,
14,2.54410457611084,
15,2.4459543228149414,
16,2.349024534225464,
17,2.2536163330078125,
18,2.1642560958862305,
19,2.072640895843506,
20,1.9819937944412231,
21,1.8964059352874756,
22,1.8094955682754517,
23,1.7236422300338745,
24,1.642500877380371,
25,1.5591156482696533,
26,1.4795632362365723,
27,1.4043724536895752,
28,1.3264517784118652,
29,1.2535791397094727,
30,1.1822433471679688,
31,1.1136301755905151,
32,1.0482276678085327,
33,0.986072838306427,
34,0.930546224117279,
35,0.8699972629547119,
36,0.8263171911239624,
37,0.7725540399551392,
38,0.7250767350196838,
39,0.6838244199752808,
40,0.6343733668327332,
41,0.6021396517753601,
42,0.5619302988052368,
43,0.5219438076019287,
44,0.4933135509490967,
45,0.45373088121414185,
46,0.425223171710968,
47,0.396855890750885,
48,0.3621780276298523,
49,0.33871304988861084,
50,0.31294500827789307,4.2331037521362305
51,0.28516775369644165,
52,0.2642591893672943,
53,0.2447238266468048,
54,0.2231719195842743,
55,0.20664863288402557,
56,0.19068461656570435,
57,0.1760357916355133,
58,0.1623992621898651,
59,0.15053626894950867,
60,0.1396462470293045,
61,0.12966091930866241,
62,0.12044180929660797,
63,0.11219017952680588,
64,0.10479302704334259,
65,0.09794861078262329,
66,0.09187892824411392,
67,0.08617543429136276,
68,0.08087284862995148,
69,0.0762423574924469,
70,0.0719681978225708,
71,0.06811016798019409,
72,0.06447553634643555,
73,0.06117340922355652,
74,0.05818037688732147,
75,0.055429376661777496,
76,0.05287450551986694,
77,0.05050351470708847,
78,0.04833219200372696,
79,0.04632700979709625,
80,0.04448273032903671,
81,0.042761340737342834,
82,0.041139282286167145,
83,0.03963617980480194,
84,0.0382409542798996,
85,0.03695298731327057,
86,0.035737670958042145,
87,0.03460323065519333,
88,0.033523812890052795,
89,0.03251555562019348,
90,0.03156796842813492,
91,0.030676983296871185,
92,0.02983618527650833,
93,0.029037393629550934,
94,0.028281502425670624,
95,0.027560941874980927,
96,0.026883088052272797,
97,0.026238523423671722,
98,0.025622539222240448,
99,0.025036178529262543,
100,0.02447538822889328,5.348437309265137
101,0.023940950632095337,
102,0.023428454995155334,
103,0.022938981652259827,
104,0.022470392286777496,
105,0.02201848477125168,
106,0.021585293114185333,
107,0.021169207990169525,
108,0.02076917141675949,
109,0.0203838050365448,
110,0.020011506974697113,
111,0.019652679562568665,
112,0.01930602639913559,
113,0.018970966339111328,
114,0.018647722899913788,
115,0.018334567546844482,
116,0.018031030893325806,
117,0.017737001180648804,
118,0.017451778054237366,
119,0.01717526465654373,
120,0.01690664142370224,
121,0.016645751893520355,
122,0.016392424702644348,
123,0.016145944595336914,
124,0.015906088054180145,
125,0.01567269116640091,
126,0.015445366501808167,
127,0.015223994851112366,
128,0.015008211135864258,
129,0.014797933399677277,
130,0.014592856168746948,
131,0.014392636716365814,
132,0.014197118580341339,
133,0.014006413519382477,
134,0.013819985091686249,
135,0.0136379674077034,
136,0.013460099697113037,
137,0.013286061584949493,
138,0.013115920126438141,
139,0.01294950395822525,
140,0.012786656618118286,
141,0.012627266347408295,
142,0.01247117668390274,
143,0.012318424880504608,
144,0.012168839573860168,
145,0.012022249400615692,
146,0.01187865436077118,
147,0.011737823486328125,
148,0.011599794030189514,
149,0.011464521288871765,
150,0.011331833899021149,6.069792747497559
151,0.011201746761798859,
152,0.011073976755142212,
153,0.010948710143566132,
154,0.010825827717781067,
155,0.010705120861530304,
156,0.010586701333522797,
157,0.010470375418663025,
158,0.01035618782043457,
159,0.010244004428386688,
160,0.0101337730884552,
161,0.010025538504123688,
162,0.009919121861457825,
163,0.009814627468585968,
164,0.009711876511573792,
165,0.009610898792743683,
166,0.009511560201644897,
167,0.009413912892341614,
168,0.009317934513092041,
169,0.009223580360412598,
170,0.009130693972110748,
171,0.009039312601089478,
172,0.008949525654315948,
173,0.008860968053340912,
174,0.008773945271968842,
175,0.008688285946846008,
176,0.00860404223203659,
177,0.008521042764186859,
178,0.00843936949968338,
179,0.00835893303155899,
180,0.008279725909233093,
181,0.008201643824577332,
182,0.00812484323978424,
183,0.00804918259382248,
184,0.007974714040756226,
185,0.007901251316070557,
186,0.007828846573829651,
187,0.007757604122161865,
188,0.0076873451471328735,
189,0.007618159055709839,
190,0.0075499266386032104,
191,0.0074827224016189575,
192,0.007416442036628723,
193,0.00735105574131012,
194,0.0072866082191467285,
195,0.007223144173622131,
196,0.00716044008731842,
197,0.00709870457649231,
198,0.007037684321403503,
199,0.0069776177406311035,6.510112762451172
